{"initial_reset_timestamp": 1614716469.6810007, "timestamps": [1614716475.8037925, 1614716478.8607886, 1614716481.729749, 1614716484.2053032, 1614716486.6598508, 1614716489.372709, 1614716492.4671197, 1614716495.5265152, 1614716498.859154, 1614716501.4032419, 1614716505.249129, 1614716517.948928, 1614716530.012868, 1614716542.2078042, 1614716556.262063, 1614716570.4127023, 1614716584.2665863, 1614716597.2494533, 1614716609.982086, 1614716623.0247605, 1614716634.8492467, 1614716648.7734954, 1614716662.5223618, 1614716679.115464, 1614716694.022466, 1614716709.6044767, 1614716724.457175, 1614716741.4395554, 1614716757.154517, 1614716770.9304082, 1614716788.783562, 1614716802.8085084, 1614716817.0212808, 1614716830.0954404, 1614716847.536224, 1614716862.4819942, 1614716881.6033134, 1614716902.4300156, 1614716920.4035444, 1614716938.5469003, 1614716961.8309128, 1614716979.3508632, 1614716996.3601854, 1614717019.5080218, 1614717036.120821, 1614717060.071129, 1614717079.8071935, 1614717100.673068, 1614717124.8145785, 1614717141.250662, 1614717164.9037824, 1614717189.100629, 1614717211.515752, 1614717232.7375715, 1614717254.5769508, 1614717277.6679335, 1614717298.9819014, 1614717323.8341842, 1614717343.6272867, 1614717367.7113345, 1614717396.868312, 1614717421.661525, 1614717449.8542364, 1614717473.8847613, 1614717500.3507688, 1614717528.0805688, 1614717552.8047009, 1614717574.1508696, 1614717606.82171, 1614717629.8545349, 1614717662.0387259, 1614717689.8349957, 1614717716.7546227, 1614717744.0019379, 1614717772.953131, 1614717811.0884986, 1614717836.5048287, 1614717875.2894483, 1614717910.3961647, 1614717956.8730524, 1614717988.4704213, 1614718019.4208307, 1614718063.054667, 1614718104.570194, 1614718147.1046133, 1614718199.2210624, 1614718241.0034466, 1614718285.6704762, 1614718338.703797, 1614718393.1066687, 1614718433.879854, 1614718475.3587499, 1614718519.492552, 1614718562.9329126, 1614718610.6695032, 1614718669.5686996, 1614718719.1677177, 1614718753.283057, 1614718795.41772, 1614718838.2682626, 1614718872.3880634, 1614718918.3502164, 1614718962.833414, 1614719001.9671674, 1614719043.699819, 1614719082.3493333, 1614719121.1826437, 1614719160.1343548, 1614719202.9805815, 1614719242.250675, 1614719282.6666334, 1614719315.4513495, 1614719328.722816, 1614719364.333778, 1614719398.784216, 1614719435.8169708, 1614719479.1632736, 1614719519.3158784, 1614719552.613804, 1614719596.090312, 1614719638.9171553, 1614719675.6849337, 1614719714.714421, 1614719751.0597262, 1614719793.0156038, 1614719839.5573413, 1614719880.3889015, 1614719918.7345078, 1614719954.3384879, 1614719989.2460308, 1614720024.630701, 1614720059.0508313, 1614720092.4445777, 1614720141.579884, 1614720181.8344803, 1614720219.428794, 1614720256.6804786, 1614720297.3744612, 1614720332.1163216, 1614720366.1610863, 1614720401.0879796, 1614720433.7037375, 1614720466.4597087, 1614720499.9537926, 1614720533.7570238, 1614720567.4856875, 1614720600.7230396, 1614720634.1397269, 1614720676.3301196, 1614720716.490394, 1614720755.620101, 1614720788.2350645, 1614720825.0630267, 1614720863.7752042, 1614720896.1654842, 1614720929.282187, 1614720967.4469793, 1614721006.9395432, 1614721054.5050027, 1614721088.0815535, 1614721122.78233, 1614721155.6821992, 1614721188.7434385, 1614721224.997298, 1614721259.3922377, 1614721297.7615068, 1614721331.7508547, 1614721368.1239455, 1614721401.966923, 1614721434.5454092, 1614721470.4692044, 1614721514.9518743, 1614721553.912832, 1614721592.2031553, 1614721627.211643, 1614721666.3108227, 1614721700.388194, 1614721737.4443533, 1614721776.8966763, 1614721819.1299944, 1614721851.9762409, 1614721886.7861066, 1614721927.8110378, 1614721962.7854722, 1614721995.7358203, 1614722028.689312, 1614722062.1965806, 1614722099.77799, 1614722135.0679116, 1614722170.909902, 1614722203.4063995, 1614722236.3440866, 1614722270.724971, 1614722309.4038596, 1614722342.3509264, 1614722376.5278296, 1614722412.1516523, 1614722455.0850115, 1614722493.766802, 1614722533.0089824, 1614722566.2147145, 1614722600.1937618, 1614722634.7581916, 1614722668.812227, 1614722710.528398, 1614722742.97174, 1614722783.8598793, 1614722823.6528563, 1614722867.5048945, 1614722901.7429569, 1614722934.7696576, 1614722969.5518994, 1614723005.7045772, 1614723037.6154144, 1614723071.3128521, 1614723112.7251537, 1614723149.1522422, 1614723181.571303, 1614723220.9894018, 1614723254.5926147, 1614723289.6257336, 1614723325.8296838, 1614723358.8437986, 1614723393.2537258, 1614723429.4793198, 1614723467.448586, 1614723501.7914155, 1614723538.5409198, 1614723571.4601903, 1614723605.95831, 1614723642.5756695, 1614723680.9836154, 1614723715.8447552, 1614723753.1044302, 1614723787.1128345, 1614723820.2717323, 1614723852.4386303, 1614723889.4125724, 1614723927.200517, 1614723962.5304656, 1614723997.8437078, 1614724033.1017787, 1614724066.0026374, 1614724101.0567212, 1614724138.955666, 1614724172.9829066, 1614724209.4726255, 1614724242.6655252, 1614724260.314732, 1614724293.0446267, 1614724325.7127964, 1614724365.8658376, 1614724399.8895793, 1614724434.7345176, 1614724467.659875, 1614724503.1727128, 1614724536.117931, 1614724572.5253422, 1614724606.6361344, 1614724642.6899881, 1614724675.8843973, 1614724718.3137257, 1614724752.4013708, 1614724785.6264327, 1614724823.763032, 1614724858.2165148, 1614724891.0951233, 1614724927.5737717, 1614724961.2119205, 1614725002.1575434, 1614725038.1839347, 1614725071.3901358, 1614725105.1248236, 1614725138.3139036, 1614725171.8088453, 1614725209.2917616, 1614725242.8283844, 1614725276.5620956, 1614725310.5032454, 1614725349.3165114, 1614725383.9335456, 1614725416.8915825, 1614725450.4114122, 1614725485.383521, 1614725522.0808308, 1614725555.30092, 1614725590.112457, 1614725624.6038818, 1614725657.522608, 1614725705.467598, 1614725739.4230323, 1614725774.9786832, 1614725808.7438495, 1614725847.6505456, 1614725885.0553746, 1614725919.659161, 1614725955.6964805, 1614725990.220968, 1614726026.740456, 1614726067.095355, 1614726103.0658875, 1614726135.9875026, 1614726169.9634266, 1614726206.151596, 1614726243.2990592, 1614726277.1274724, 1614726315.206886, 1614726349.859384, 1614726386.011198, 1614726424.9479158, 1614726458.5452023, 1614726492.5730252, 1614726528.9999187, 1614726568.2534134, 1614726602.6528108, 1614726638.1748974, 1614726673.1094515, 1614726705.9150841, 1614726738.4385803, 1614726771.0055757, 1614726803.8872123, 1614726836.6337695, 1614726870.9285655, 1614726907.5666747, 1614726942.6973574, 1614726979.2227328, 1614727015.1271832, 1614727053.7879198, 1614727088.965642, 1614727129.6068547, 1614727166.8197858, 1614727200.922527, 1614727234.143044, 1614727269.7425072, 1614727302.4885786, 1614727336.5976465, 1614727369.5347505, 1614727403.0231175, 1614727437.1032333, 1614727481.1253855, 1614727515.8193102, 1614727550.5230308, 1614727586.4814491, 1614727628.0533404, 1614727663.4049487, 1614727699.4482062, 1614727736.2947526, 1614727773.437084, 1614727807.5309339, 1614727841.6327515, 1614727877.0977087, 1614727915.2047913, 1614727951.0628848, 1614727984.1245265, 1614728024.7603738, 1614728057.0410135, 1614728089.3662384, 1614728124.1646938, 1614728158.2469838, 1614728194.0077019, 1614728233.5803082, 1614728269.353888, 1614728311.925314, 1614728346.4497402, 1614728380.9573715, 1614728419.3944716, 1614728455.0504599, 1614728488.3115158, 1614728525.885156, 1614728558.842884, 1614728594.5181558, 1614728628.3912013, 1614728671.4113367, 1614728719.5041082, 1614728762.9554079, 1614728799.497963, 1614728833.6521697, 1614728869.8073726, 1614728905.0259666, 1614728938.657719, 1614728971.8970058, 1614729005.398605, 1614729038.8840911, 1614729071.910866, 1614729109.513937, 1614729148.4585805, 1614729192.0780265, 1614729227.545929, 1614729263.1845636, 1614729303.6317656, 1614729338.9653811, 1614729373.8854096, 1614729411.359143, 1614729445.389584, 1614729479.3751082, 1614729515.1892955, 1614729554.53521, 1614729589.765293, 1614729630.085648, 1614729664.152275, 1614729696.6943557, 1614729731.0757043, 