{"initial_reset_timestamp": 1615480715.3430638, "timestamps": [1615480721.934569, 1615480724.7983222, 1615480727.6139543, 1615480729.8885188, 1615480732.5858898, 1615480735.2194839, 1615480737.6928868, 1615480740.635448, 1615480743.7791636, 1615480746.5967994, 1615480754.114098, 1615480767.500967, 1615480779.2372742, 1615480792.8434815, 1615480805.9414861, 1615480820.3954463, 1615480834.712959, 1615480847.994153, 1615480860.9091146, 1615480872.7343118, 1615480889.5663722, 1615480901.8072755, 1615480917.1632187, 1615480931.6612089, 1615480947.2683237, 1615480962.3536274, 1615480980.625664, 1615480999.7692552, 1615481014.7005246, 1615481030.5346317, 1615481045.1781046, 1615481060.013057, 1615481073.763699, 1615481091.1392615, 1615481107.7408834, 1615481123.9405532, 1615481140.3674393, 1615481161.7049801, 1615481183.4562025, 1615481203.4851415, 1615481221.749005, 1615481242.9901254, 1615481260.7139077, 1615481283.8158228, 1615481301.0457308, 1615481320.1823666, 1615481340.575285, 1615481361.3685503, 1615481382.5887485, 1615481405.31289, 1615481430.2026134, 1615481449.4578373, 1615481471.672922, 1615481492.8036933, 1615481518.7206197, 1615481543.8053756, 1615481568.1372116, 1615481588.1938317, 1615481607.7497792, 1615481628.9996018, 1615481657.335369, 1615481679.5639582, 1615481706.1240814, 1615481730.389837, 1615481753.967909, 1615481775.8879187, 1615481800.455438, 1615481819.3481631, 1615481850.9202318, 1615481877.3377566, 1615481914.7931545, 1615481944.5993176, 1615481971.000367, 1615482001.6966147, 1615482039.7046795, 1615482073.3902526, 1615482110.4147, 1615482151.9956498, 1615482199.374437, 1615482247.4958189, 1615482285.196462, 1615482335.6716683, 1615482372.0366938, 1615482422.9086413, 1615482467.2188132, 1615482513.463542, 1615482553.5478837, 1615482588.0681317, 1615482625.282934, 1615482663.7528129, 1615482707.3235822, 1615482748.0528967, 1615482787.6180856, 1615482829.0174417, 1615482867.6669009, 1615482914.5127695, 1615482954.4016721, 1615482994.8501902, 1615483027.4896283, 1615483057.1390185, 1615483089.801195, 1615483121.153238, 1615483161.5034113, 1615483194.5225937, 1615483225.4706037, 1615483256.269394, 1615483284.5516646, 1615483315.185472, 1615483345.1889796, 1615483373.3519409, 1615483409.686027, 1615483437.7202575, 1615483466.0523415, 1615483494.5197277, 1615483522.1018524, 1615483552.2019558, 1615483580.886509, 1615483608.702889, 1615483641.8011298, 1615483673.4686036, 1615483701.2180438, 1615483730.101252, 1615483766.6688502, 1615483797.9675848, 1615483830.2851257, 1615483860.2691987, 1615483893.0366812, 1615483922.5852723, 1615483958.687431, 1615483989.5678573, 1615484018.5527, 1615484046.4846206, 1615484079.8019192, 1615484109.768726, 1615484139.8696537, 1615484170.820055, 1615484201.353703, 1615484231.936814, 1615484259.6855526, 1615484288.9838662, 1615484321.8852298, 1615484352.5842655, 1615484381.985489, 1615484413.5356655, 1615484442.8196702, 1615484472.6342824, 1615484502.8696175, 1615484534.8208878, 1615484563.5183318, 1615484591.3183951, 1615484619.118521, 1615484659.6165915, 1615484692.9686415, 1615484721.819794, 1615484750.7014196, 1615484785.8189921, 1615484818.4191945, 1615484853.4184458, 1615484884.7364686, 1615484912.5190902, 1615484941.6692042, 1615484973.2572565, 1615485010.2701824, 1615485038.9194186, 1615485068.6701021, 1615485101.6521451, 1615485129.7357266, 1615485160.8008416, 1615485194.0372326, 1615485224.6339815, 1615485259.3025012, 1615485289.7686226, 1615485320.1033037, 1615485349.8351622, 1615485381.8205836, 1615485412.5358195, 1615485441.8700857, 1615485470.3188033, 1615485503.2196772, 1615485532.652644, 1615485563.319083, 1615485592.6368105, 1615485621.7676733, 1615485653.0865898, 1615485685.6198227, 1615485715.9707615, 1615485750.651931, 1615485782.103018, 1615485814.2371325, 1615485848.0024984, 1615485877.686362, 1615485908.5516093, 1615485938.1524396, 1615485966.9028182, 1615485999.8858032, 1615486032.6883824, 1615486064.1191192, 1615486092.9373827, 1615486124.2362547, 1615486161.7194462, 1615486193.2215564, 1615486222.0854642, 1615486251.9541352, 1615486287.2696679, 1615486316.052879, 1615486346.168692, 1615486376.936238, 1615486407.6193063, 1615486442.5361943, 1615486473.7342298, 1615486504.052135, 1615486533.0353475, 1615486560.7856286, 1615486591.1694357, 1615486628.8596203, 1615486656.6356602, 1615486685.3845313, 1615486716.0365815, 1615486749.2216098, 1615486783.6346335, 1615486815.7525034, 1615486843.853967, 1615486880.7697024, 1615486908.5855877, 1615486944.9519002, 1615486975.4690669, 1615487007.0018787, 1615487035.7692287, 1615487065.3536747, 1615487093.4198494, 1615487123.2171881, 1615487155.1516078, 1615487182.9218268, 1615487214.418281, 1615487244.6897857, 1615487272.5367732, 1615487302.095013, 1615487332.9522135, 1615487360.7507315, 1615487388.5506651, 1615487420.1046367, 1615487451.3027174, 1615487482.6877186, 1615487511.6335618, 1615487540.5394123, 1615487568.5031242, 1615487596.3354936, 1615487625.7520838, 1615487658.1340241, 1615487685.9363482, 1615487716.302478, 1615487745.7514188, 1615487778.0020251, 1615487812.8014228, 1615487844.0875058, 1615487873.6151507, 1615487903.181358, 1615487935.8314803, 1615487964.3811662, 1615487994.3452544, 1615488023.5550263, 1615488051.7504716, 1615488083.9850135, 1615488116.515527, 1615488145.833866, 1615488173.798354, 1615488201.9001448, 1615488232.1534567, 1615488261.2710164, 1615488290.816633, 1615488319.166812, 1615488348.2265558, 1615488379.0681748, 1615488407.71873, 1615488438.1345243, 1615488465.9362175, 1615488494.6195698, 1615488524.367519, 1615488553.2371616, 1615488585.2349806, 1615488613.9216564, 1615488645.7371123, 1615488675.4534447, 1615488708.3692477, 1615488739.1531887, 1615488766.9023342, 1615488794.6336772, 1615488823.2689369, 1615488854.752653, 1615488882.5017087, 1615488910.2833536, 1615488938.2521994, 1615488967.4694347, 1615489001.5014796, 1615489029.2511332, 1615489061.9202368, 1615489090.5529938, 1615489119.6353104, 1615489150.2010014, 1615489180.8849797, 1615489208.985208, 1615489240.050852, 1615489267.8329263, 1615489298.4515269, 1615489329.9854586, 1615489359.318533, 1615489387.9690518, 1615489417.619732, 1615489448.1022906, 1615489478.0010498, 1615489507.9856634, 1615489543.236224, 1615489572.8527122, 1615489602.9853399, 1615489632.969058, 1615489662.235955, 1615489693.4045353, 1615489721.1347075, 1615489751.301595, 1615489779.9347403, 1615489813.5525155, 1615489844.7521014, 1615489875.4351332, 1615489907.3514724, 1615489936.4509504, 1615489967.3199437, 1615489998.7224343, 1615490026.4517057, 1615490055.6189046, 1615490086.170375, 1615490116.319985, 1615490149.902353, 1615490178.5185308, 1615490207.9348078, 1615490238.8195505, 1615490266.5523202, 1615490295.7196295, 1615490325.886628, 1615490355.7843332, 1615490383.5195053, 1615490413.1195219, 1615490441.0515125, 1615490468.7854335, 1615490500.2895002, 1615490532.118613, 1615490559.8523397, 1615490588.4534485, 1615490616.4685695, 1615490647.234582, 1615490676.6011727, 1615490705.269269, 1615490737.0381873, 1615490764.9664407, 1615490794.2874715, 1615490822.0520837, 1615490851.6671548, 1615490879.4214034, 1615490908.1343331, 1615490937.818018, 1615490968.1183074, 1615490999.2869427, 1615491032.1349492, 1615491063.5860841, 1615491094.0510473, 1615491124.4683409, 1615491155.7511575, 1615491187.8692772, 1615491216.5023086, 1615491246.1859937, 1615491277.3840923, 1615491305.1691391, 1615491337.220281, 1615491364.969233, 1615491392.7340627, 1615491423.6350954, 1615491452.9681754, 1615491483.134946, 1615491515.5170648, 1615491543.2679963, 1615491578.9688942, 1615491607.9180684, 1615491641.4029763, 1615491669.5860186, 1615491700.2027304, 1615491731.1508908, 1615491761.8687935, 1615491789.701863, 1615491819.1178625, 1615491851.0533514, 1615491882.6349893, 1615491911.6846683, 1615491942.0528774, 1615491970.6696587, 1615491998.4362822, 1615492027.4196806, 1615492059.8178546, 1615492088.4848228, 1615492116.3181334, 1615492145.0196068, 1615492176.284768, 1615492204.0514264, 