{"initial_reset_timestamp": 1615068573.400441, "timestamps": [1615068576.6745348, 1615068580.4361398, 1615068583.7163496, 1615068586.415131, 1615068589.0772872, 1615068591.980733, 1615068594.2881327, 1615068597.5972896, 1615068600.7962434, 1615068603.4055028, 1615068610.2027216, 1615068625.1632345, 1615068637.2442894, 1615068648.9638734, 1615068665.567781, 1615068677.9125137, 1615068691.820691, 1615068704.402464, 1615068719.5654845, 1615068732.761515, 1615068744.687061, 1615068758.436512, 1615068774.4816556, 1615068787.8679752, 1615068801.2438283, 1615068817.9299622, 1615068831.072921, 1615068848.8596308, 1615068862.5946941, 1615068876.0676386, 1615068892.135165, 1615068910.4088292, 1615068930.3333359, 1615068945.433876, 1615068964.2458885, 1615068981.1676323, 1615069004.3928478, 1615069023.4131684, 1615069043.6771288, 1615069062.3904047, 1615069076.393787, 1615069096.7032635, 1615069117.4207287, 1615069136.258345, 1615069158.8904684, 1615069176.423553, 1615069206.745286, 1615069232.2110631, 1615069254.5082972, 1615069278.2161343, 1615069304.9461114, 1615069330.5799723, 1615069349.7005055, 1615069372.9057286, 1615069397.7631006, 1615069417.459546, 1615069441.5110533, 1615069461.4986851, 1615069480.8534474, 1615069502.537385, 1615069519.5865173, 1615069544.1800237, 1615069565.1679652, 1615069585.354106, 1615069608.9091666, 1615069632.9428935, 1615069660.3013365, 1615069689.3104312, 1615069715.3258352, 1615069745.069251, 1615069779.7977765, 1615069819.5158854, 1615069853.3733552, 1615069886.8277323, 1615069923.4270818, 1615069954.4866736, 1615069990.2278013, 1615070025.6937506, 1615070061.5423687, 1615070093.9267316, 1615070126.4829743, 1615070167.497809, 1615070205.7815933, 1615070241.5097249, 1615070281.6799722, 1615070323.8465366, 1615070366.311881, 1615070410.0370002, 1615070450.8291326, 1615070492.9682796, 1615070534.0826428, 1615070571.2743623, 1615070609.7736216, 1615070652.1815236, 1615070692.3868437, 1615070733.6722488, 1615070765.8638692, 1615070797.643528, 1615070836.094698, 1615070868.6777027, 1615070899.4227872, 1615070927.7907748, 1615070962.7578902, 1615070994.9345136, 1615071021.0970073, 1615071049.8097408, 1615071075.9418721, 1615071107.8539302, 1615071134.0197074, 1615071159.3104842, 1615071193.557006, 1615071221.0380354, 1615071252.8988194, 1615071285.238027, 1615071313.0539935, 1615071340.362721, 1615071366.5313103, 1615071394.9762135, 1615071421.7203193, 1615071447.7164598, 1615071474.6417623, 1615071500.467296, 1615071537.653095, 1615071564.8991115, 1615071592.9684114, 1615071621.353152, 1615071648.9038715, 1615071682.8317072, 1615071712.7297866, 1615071740.6106663, 1615071774.4346943, 1615071800.6070664, 1615071826.454151, 1615071853.0081758, 1615071878.6478167, 1615071905.830847, 1615071931.7618735, 1615071958.9251604, 1615071988.0788214, 1615072023.5250037, 1615072052.2310917, 1615072078.7100446, 1615072104.6983411, 1615072133.1337826, 1615072159.1119244, 1615072191.4449098, 1615072220.6153817, 1615072251.7616372, 1615072278.5213075, 1615072311.0114014, 1615072337.0630012, 1615072362.9806068, 1615072392.934634, 1615072425.964962, 1615072453.9927783, 1615072481.131131, 1615072511.0120885, 1615072540.182075, 1615072566.5790672, 1615072598.8664749, 1615072628.0385964, 1615072658.1726027, 1615072685.5025315, 1615072713.979913, 1615072747.9805346, 1615072777.4291482, 1615072808.4950666, 1615072838.7367704, 1615072868.1912563, 1615072895.0806441, 1615072923.032187, 1615072950.2299607, 1615072977.8335996, 1615073009.0437443, 1615073035.8945625, 1615073065.6111603, 1615073092.99365, 1615073120.3233683, 1615073147.3310409, 1615073175.0562677, 1615073206.2308981, 1615073232.7695563, 1615073260.4052064, 1615073289.285906, 1615073315.3452873, 1615073343.0453641, 1615073369.0655925, 1615073396.0244877, 1615073421.8351862, 1615073450.9077995, 1615073477.0653434, 1615073503.4746435, 1615073529.9619033, 1615073559.2500327], "episode_lengths": [928, 1145, 919, 900, 880, 961, 762, 1097, 984, 850, 929, 987, 791, 780, 1105, 822, 929, 850, 1024, 888, 809, 917, 1086, 903, 908, 1134, 893, 1174, 930, 910, 1070, 1226, 1348, 1017, 1257, 1124, 1543, 1260, 1342, 1236, 916, 1325, 1359, 1238, 1483, 1157, 2004, 1681, 1466, 1562, 1754, 1661, 1245, 1505, 1611, 1273, 1554, 1289, 1246, 1397, 1094, 1570, 1355, 1303, 1478, 1541, 1760, 1852, 1653, 1883, 2194, 2480, 2129, 2098, 2288, 1957, 2252, 2227, 2253, 2024, 2134, 2763, 2592, 2421, 2718, 2873, 2909, 2992, 2790, 2859, 2786, 2510, 2611, 2875, 2738, 2833, 2214, 2183, 2628, 2210, 2079, 1844, 2367, 2179, 1772, 1952, 1790, 2185, 1791, 1731, 2338, 1848, 2158, 2192, 1883, 1850, 1773, 1929, 1830, 1781, 1842, 1753, 2546, 1857, 1902, 1885, 1875, 2307, 2030, 1891, 2297, 1778, 1772, 1824, 1719, 1799, 1719, 1814, 1964, 2382, 1876, 1725, 1738, 1913, 1666, 2071, 1843, 2017, 1755, 2046, 1666, 1666, 1896, 2124, 1790, 1719, 1881, 1914, 1666, 2088, 1939, 1929, 1731, 1841, 2138, 1873, 1973, 1877, 1863, 1747, 1825, 1772, 1825, 2030, 1718, 1912, 1737, 1737, 1779, 1830, 2082, 1737, 1823, 1876, 1719, 1825, 1719, 1823, 1731, 1953, 1719, 1719, 1772, 1897], "episode_rewards": [-20.0, -19.0, -20.0, -20.0, -21.0, -21.0, -21.0, -20.0, -20.0, -21.0, -20.0, -21.0, -21.0, -21.0, -19.0, -21.0, -20.0, -21.0, -19.0, -21.0, -21.0, -20.0, -20.0, -21.0, -21.0, -19.0, -20.0, -19.0, -21.0, -21.0, -20.0, -17.0, -19.0, -21.0, -19.0, -21.0, -18.0, -19.0, -16.0, -18.0, -21.0, -17.0, -18.0, -19.0, -17.0, -20.0, -14.0, -16.0, -17.0, -16.0, -14.0, -12.0, -20.0, -19.0, -19.0, -20.0, -17.0, -19.0, -18.0, -16.0, -21.0, -17.0, -17.0, -17.0, -20.0, -16.0, -16.0, -13.0, -15.0, -16.0, -9.0, -10.0, -9.0, -10.0, -9.0, -11.0, -8.0, -8.0, -9.0, -10.0, -11.0, -2.0, -4.0, -8.0, -5.0, -1.0, -1.0, 1.0, 2.0, 1.0, -1.0, 5.0, -6.0, 2.0, 3.0, 1.0, 12.0, 12.0, 2.0, 12.0, 15.0, 17.0, 12.0, 12.0, 18.0, 16.0, 18.0, 10.0, 19.0, 19.0, 9.0, 17.0, 11.0, 12.0, 16.0, 17.0, 18.0, 16.0, 17.0, 18.0, 17.0, 18.0, 8.0, 17.0, 16.0, 16.0, 16.0, 11.0, 16.0, 17.0, 14.0, 18.0, 18.0, 17.0, 19.0, 18.0, 19.0, 17.0, 15.0, 9.0, 16.0, 19.0, 19.0, 17.0, 20.0, 15.0, 17.0, 15.0, 19.0, 14.0, 20.0, 20.0, 17.0, 12.0, 18.0, 19.0, 18.0, 16.0, 20.0, 14.0, 17.0, 16.0, 19.0, 16.0, 13.0, 17.0, 15.0, 16.0, 17.0, 19.0, 17.0, 18.0, 17.0, 15.0, 19.0, 16.0, 19.0, 19.0, 18.0, 17.0, 12.0, 19.0, 17.0, 16.0, 19.0, 17.0, 19.0, 17.0, 19.0, 15.0, 19.0, 19.0, 18.0, 16.0], "episode_types": ["t", "t", "t", "t", "t", "t", "t", "t", "t", "t", "t", "t", "t", "t", "t", "t", "t", "t", "t", "t", "t", "t", "t", "t", "t", "t", "t", "t", "t", "t", "t", "t", "t", "t", "t", "t", "t", "t", "t", "t", "t", "t", "t", "t", "t", "t", "t", "t", "t", "t", "t", "t", "t", "t", "t", "t", "t", "t", "t", "t", "t", "t", "t", "t", "t", "t", "t", "t", "t", "t", "t", "t", "t", "t", "t", "t", "t", "t", "t", "t", "t", "t", "t", "t", "t", "t", "t", "t", "t", "t", "t", "t", "t", "t", "t", "t", "t", "t", "t", "t", "t", "t", "t", "t", "t", "t", "t", "t", "t", "t", "t", "t", "t", "t", "t", "t", "t", "t", "t", "t", "t", "t", "t", "t", "t", "t", "t", "t", "t", "t", "t", "t", "t", "t", "t", "t", "t", "t", "t", "t", "t", "t", "t", "t", "t", "t", "t", "t", "t", "t", "t", "t", "t", "t", "t", "t", "t", "t", "t", "t", "t", "t", "t", "t", "t", "t", "t", "t", "t", "t", "t", "t", "t", "t", "t", "t", "t", "t", "t", "t", "t", "t", "t", "t", "t", "t", "t", "t", "t", "t", "t", "t", "t", "t", "t"]}