{"initial_reset_timestamp": 1615049689.482027, "timestamps": [1615049704.498757, 1615049707.6262605, 1615049710.2813115, 1615049713.2668624, 1615049716.429306, 1615049719.0722857, 1615049721.584682, 1615049724.4279604, 1615049727.6485167, 1615049730.3932533, 1615049737.261886, 1615049749.8905213, 1615049762.7581277, 1615049778.8952954, 1615049792.6023455, 1615049806.9371233, 1615049822.403041, 1615049836.851502, 1615049851.947639, 1615049866.5746942, 1615049880.8546884, 1615049893.9729524, 1615049910.6053574, 1615049924.804338, 1615049938.7157679, 1615049954.1684675, 1615049971.8930638, 1615049984.9438434, 1615050002.217361, 1615050018.2327454, 1615050042.8675973, 1615050065.3658867, 1615050090.832835, 1615050119.3938243, 1615050140.7030463, 1615050169.85914, 1615050196.689827, 1615050220.2234373, 1615050249.907624, 1615050277.6794746, 1615050299.5913026, 1615050330.8955193, 1615050354.0710678, 1615050378.0457559, 1615050412.103205, 1615050432.6626956, 1615050451.972298, 1615050472.0793107, 1615050496.342549, 1615050519.2380486, 1615050544.1273966, 1615050568.9546084, 1615050596.2923849, 1615050624.8753777, 1615050649.300645, 1615050678.4827423, 1615050710.234289, 1615050742.8259814, 1615050778.0026264, 1615050811.3489523, 1615050840.9186172, 1615050882.3581893, 1615050930.363575, 1615050970.0250037, 1615051013.2650566, 1615051050.9251354, 1615051107.9686, 1615051157.8343108, 1615051205.0285559, 1615051257.3681977, 1615051316.0854552, 1615051373.9195576, 1615051438.7148764, 1615051503.7222326, 1615051578.288758, 1615051648.3189917, 1615051709.2936423, 1615051769.5246644, 1615051833.8163953, 1615051894.524, 1615051960.7660716, 1615052029.070443, 1615052087.1245837, 1615052147.6501575, 1615052203.173856, 1615052252.4554656, 1615052302.428194, 1615052344.241499, 1615052391.2782154, 1615052436.4676101, 1615052476.8211586, 1615052515.972628, 1615052561.2495377, 1615052608.8383503, 1615052664.1470132, 1615052698.5140154, 1615052727.4970782, 1615052769.560426, 1615052809.4643967, 1615052846.9644482, 1615052892.521406, 1615052931.852967, 1615052972.5425751, 1615053013.233683, 1615053053.1301525, 1615053093.2041523, 1615053130.6801994, 1615053172.9425814, 1615053208.3627765, 1615053238.7455835, 1615053282.709612, 1615053327.1042712, 1615053368.5580127, 1615053414.9596186, 1615053457.699584, 1615053507.0597074, 1615053552.455138, 1615053600.997617, 1615053644.731756, 1615053684.779752, 1615053729.2275176, 1615053772.383533, 1615053818.4965878, 1615053867.0390677, 1615053915.0554562, 1615053960.163335, 1615054000.6679108, 1615054042.1661599, 1615054084.5465636, 1615054124.9516206, 1615054181.2939644, 1615054227.7775772, 1615054270.5125422, 1615054318.1053562, 1615054363.7403276, 1615054409.4698157, 1615054449.095239, 1615054492.6358447, 1615054542.560565, 1615054584.194338, 1615054634.1925724, 1615054674.2953956, 1615054718.892686, 1615054759.2087283, 1615054802.5663025, 1615054846.9245512, 1615054892.5095146, 1615054941.4090564, 1615054996.810734, 1615055042.575729, 1615055084.8296103, 1615055127.3735223, 1615055169.2463372, 1615055211.646244, 1615055255.7119415, 1615055299.141027, 1615055346.8353589, 1615055396.1394715, 1615055445.3240635, 1615055493.0634038, 1615055534.0700662, 1615055579.0933948, 1615055627.2903142, 1615055679.960015, 1615055721.522775, 1615055767.9403834, 1615055810.0232348, 1615055865.2598844, 1615055907.4572551, 1615055952.6621516, 1615056002.2353115, 1615056048.455025, 1615056098.9198406, 1615056148.669031, 1615056196.8189423, 1615056243.3020618, 1615056299.590395, 1615056334.602011, 1615056370.2887454, 1615056406.1095018, 1615056441.0901127, 1615056471.1449366, 1615056508.230915, 1615056545.4944253, 1615056600.6375582, 1615056646.9321449, 1615056691.2843926, 1615056731.4559107, 1615056777.9420295, 1615056820.202912, 1615056863.80553, 1615056907.4177585, 1615056952.312602, 1615057003.5320492, 1615057051.4379168, 1615057095.730655, 1615057141.296614, 1615057186.710047, 1615057227.5916882, 1615057271.5388663, 1615057316.526724, 1615057358.7190762, 1615057406.834482, 1615057450.637633, 1615057492.0978754, 1615057538.8985512, 1615057581.0564156, 1615057626.0422735, 1615057671.2286675, 1615057712.595894, 1615057755.9329646, 1615057796.7166681, 1615057841.4279783, 1615057885.3791556, 1615057927.7610595, 1615057982.0810485, 1615058025.9887185, 1615058069.6688483, 1615058113.6570327, 1615058163.7282805, 1615058212.5158021, 1615058256.2672346, 1615058296.2912247, 1615058338.6476243, 1615058380.1208696, 1615058418.9731565, 1615058458.2200117, 1615058498.3760266, 1615058539.734251, 1615058581.3090138, 1615058626.732949, 1615058673.0901926, 1615058720.4579673, 1615058764.9172351, 1615058808.394328, 1615058856.737273, 1615058903.0053556, 1615058949.3109448, 1615058997.7149003, 1615059044.1940196, 1615059094.5678182, 1615059138.38596, 1615059189.862453, 1615059238.853011, 1615059282.2405896, 1615059325.8712108, 1615059376.2230072, 1615059416.13798, 1615059460.4007118, 1615059502.1665075, 1615059548.859164, 1615059590.3036954, 1615059632.1700096, 1615059686.0199168, 1615059732.6880682, 1615059777.273857, 1615059821.5885975, 1615059862.048665, 1615059905.175199, 1615059953.5621526, 1615060001.9321024, 1615060044.91569, 1615060114.2553022, 1615060160.223333, 1615060201.2540004, 1615060241.981614, 1615060284.350016, 1615060326.9934661, 1615060375.6089573, 1615060418.2819126, 1615060461.2569187, 1615060502.4326267, 1615060547.087427, 1615060581.96602, 1615060617.3697042, 1615060651.6226873, 1615060687.7154927, 1615060721.3293643, 1615060757.1016145, 1615060788.1165311, 1615060821.1312983, 1615060853.542079, 1615060892.4678783, 1615060936.3655467, 1615060967.5709982, 1615061008.3617868, 1615061041.5095768, 1615061077.3732364, 1615061102.9611588, 1615061129.8434203, 1615061155.5602515, 1615061187.0583127, 1615061217.0191844, 1615061242.5724456, 1615061268.1495519, 1615061299.242298, 1615061326.3383987, 1615061353.0036201, 1615061380.2941434, 1615061411.6000023, 1615061437.4240522, 1615061463.9016542, 1615061490.2073684, 1615061516.8652625, 1615061544.263916, 1615061572.247402, 1615061598.6109345, 1615061627.9724169, 1615061655.882457, 1615061682.3485968, 1615061710.3193808, 1615061739.1781945, 1615061766.2074127, 1615061792.799641, 1615061823.0240583, 1615061852.3210793, 1615061879.6512487, 1615061906.3754063, 1615061941.8556223, 1615061970.5301597, 1615061998.1753633, 1615062026.7803586, 1615062053.7543507, 1615062082.1156576, 1615062108.1627338, 1615062134.9185696, 1615062160.643523, 1615062192.9179642, 1615062219.3877559, 1615062245.53534, 1615062274.6676981, 1615062302.021464, 1615062329.8756523, 1615062357.8107378, 1615062384.958872, 1615062414.4417238, 1615062440.3910341, 1615062468.1751268, 1615062498.9929736, 1615062526.2737532, 1615062553.191492, 1615062579.8307238, 1615062609.2244868, 1615062636.275535, 1615062662.1426032, 1615062689.071008, 1615062714.7179108, 1615062742.8354878, 1615062768.337658, 1615062794.1161842, 1615062823.532282, 1615062850.4398067, 1615062877.649018, 1615062905.006343, 1615062933.1142578, 1615062959.261858, 1615062984.9021912, 1615063012.4754634, 1615063039.1160517, 1615063064.514326, 1615063093.1204255, 1615063121.1682398, 1615063146.5270793, 1615063174.2201755, 1615063199.6313305, 1615063226.997104, 1615063255.0360472, 1615063281.5121088, 1615063313.0110793, 1615063341.425056, 1615063374.322841, 1615063400.0607226, 1615063427.9585752, 1615063456.6841629, 1615063484.0820923, 1615063511.274598, 1615063536.7820115, 1615063564.3221307, 1615063591.4809697, 1615063619.4322026, 1615063645.0430589, 1615063670.6941063, 1615063696.1808548, 1615063723.0420403, 1615063751.3040032, 1615063776.8224497, 1615063805.0568984, 1615063831.6277027, 1615063858.7456017, 1615063888.618239, 1615063919.355642, 1615063947.3608263, 1615063978.6858108, 1615064005.2178648, 1615064030.6657615, 1615064057.5997438, 1615064083.9534228, 1615064109.1351016, 1615064135.4222937, 1615064165.713842],